K,Task 5,Task 6A,Task 6B
5,1.1753,5.61178,0.005207
10,2.40138,11.0585,0.013525
15,3.67364,16.498,0.020049
20,4.97508,21.9965,0.026792
25,6.30623,27.4653,0.030957